"BROKEN","EPIC","FAILED","FEATURE","PASSED","SKIPPED","STORY","UNKNOWN"
"0","Event Validation","0","Data types","1","0","test_type_ok[unauthorized_ai_assistant]","0"
"0","Event Validation","0","Generated catalog","1","0","test_negatives[missing_keys-e7]","0"
"0","Event Validation","0","Generated catalog","1","0","test_negatives[new_keys-e8]","0"
"0","Event Validation","0","Data types","1","0","test_type_bad[e1]","0"
"0","Event Validation","0","Generated catalog","1","0","test_replay","0"
"0","Event Validation","0","Data types","1","0","test_type_ok[deviceplatform]","0"
"0","Event Validation","0","Data types","1","0","test_type_ok[carriername]","0"
"0","Event Validation","0","Generated catalog","1","0","test_negatives[empty_got_null-e2]","0"
"0","Event Validation","0","Generated catalog","1","0","test_boundary[time=-1]","0"
"0","Event Validation","0","Generated catalog","1","0","test_negatives[missing_keys-e9]","0"
"0","Event Validation","0","Generated catalog","1","0","test_negatives[empty_got_null-e8]","0"
"0","Event Validation","0","Data types","1","0","test_type_ok[distinct_id]","0"
"0","Event Validation","0","Generated catalog","1","0","test_negatives[new_keys-e9]","0"
"0","Event Validation","0","Generated catalog","1","0","test_negatives[empty_got_null-e1]","0"
"0","Event Validation","0","Generated catalog","1","0","test_negatives[new_keys-e6]","0"
"0","Event Validation","0","Generated catalog","1","0","test_negatives[value_got_empty-e5]","0"
"0","Event Validation","0","Generated catalog","1","0","test_negatives[new_keys-e7]","0"
"0","Event Validation","0","Generated catalog","1","0","test_negatives[value_got_empty-e10]","0"
"0","Event Validation","0","Generated catalog","1","0","test_negatives[empty_got_null-e10]","0"
"0","Event Validation","0","Data types","1","0","test_type_ok[quitaftermessage]","0"
"0","Event Validation","0","Generated catalog","1","0","test_negatives[new_keys-e1]","0"
"0","Event Validation","0","Generated catalog","1","0","test_boundary[Appdome fusion app token (len=30)]","0"
"0","Event Validation","0","Data types","1","0","test_type_bad[e6]","0"
"0","Event Validation","0","Generated catalog","1","0","test_negatives[empty_got_null-e4]","0"
"0","Event Validation","0","Generated catalog","1","0","test_negatives[new_keys-e2]","0"
"0","Event Validation","0","Generated catalog","1","0","test_negatives[missing_keys-e6]","0"
"0","Event Validation","0","Data types","1","0","test_type_ok[appdome_fusion_fused_app_token]","0"
"0","Event Validation","0","Generated catalog","1","0","test_negatives[value_got_empty-e7]","0"
"0","Event Validation","0","Data types","1","0","test_type_ok[threatcode]","0"
"0","Event Validation","0","Generated catalog","1","0","test_negatives[value_got_empty-e9]","0"
"0","Event Validation","0","Generated catalog","1","0","test_duplicates","0"
"0","Event Validation","0","Data types","1","0","test_type_ok[packagename]","0"
"0","Event Validation","0","Data types","1","0","test_type_bad[e8]","0"
"0","Event Validation","0","Generated catalog","1","0","test_boundary[time=0]","0"
"0","Event Validation","0","Data types","1","0","test_type_ok[device_id]","0"
"0","Event Validation","0","Generated catalog","1","0","test_negatives[value_got_empty-e4]","0"
"0","Event Validation","0","Data types","1","0","test_type_ok[host]","0"
"0","Event Validation","0","Data types","1","0","test_type_ok[os_version]","0"
"0","Event Validation","0","Generated catalog","1","0","test_negatives[missing_keys-e10]","0"
"0","Event Validation","0","Generated catalog","1","0","test_negatives[value_got_empty-e2]","0"
"0","Event Validation","0","Generated catalog","1","0","test_negatives[new_keys-e10]","0"
"0","Event Validation","0","Data types","1","0","test_type_bad[e2]","0"
"0","Event Validation","0","Data types","1","0","test_type_bad[e5]","0"
"0","Event Validation","0","Data types","1","0","test_type_ok[data]","0"
"0","Event Validation","0","Data types","1","0","test_type_ok[externalid]","0"
"0","Event Validation","0","Generated catalog","1","0","test_negatives[empty_got_null-e6]","0"
"0","Event Validation","0","Data types","1","0","test_type_ok[appname]","0"
"0","Event Validation","0","Generated catalog","1","0","test_negatives[missing_keys-e2]","0"
"0","Event Validation","0","Data types","1","0","test_type_bad[e4]","0"
"0","Event Validation","0","Generated catalog","1","0","test_negatives[new_keys-e4]","0"
"0","Event Validation","0","Data types","1","0","test_type_ok[timezone]","0"
"0","Event Validation","0","Data types","1","0","test_type_ok[immutabledeviceiddetections]","0"
"0","Event Validation","0","Data types","1","0","test_type_ok[app_version]","0"
"0","Event Validation","0","Generated catalog","1","0","test_negatives[value_got_empty-e1]","0"
"0","Event Validation","0","Generated catalog","1","0","test_negatives[value_got_empty-e8]","0"
"0","Event Validation","0","Data types","1","0","test_type_ok[servicename]","0"
"0","Event Validation","0","Data types","1","0","test_type_ok[app_build_number]","0"
"0","Event Validation","0","Data types","1","0","test_type_ok[showthemessage]","0"
"0","Event Validation","0","Data types","1","0","test_type_ok[launch_id]","0"
"0","Event Validation","0","Data types","1","0","test_type_ok[message]","0"
"0","Event Validation","0","Generated catalog","1","0","test_boundary[Appdome fusion app token (len=29)]","0"
"0","Event Validation","0","Data types","1","0","test_type_ok[enforce_feature]","0"
"0","Event Validation","0","Generated catalog","1","0","test_retry","0"
"0","Event Validation","0","Generated catalog","1","0","test_negatives[value_got_empty-e6]","0"
"0","Event Validation","0","Data types","1","0","test_type_ok[malware]","0"
"0","Event Validation","0","Data types","1","0","test_type_ok[osversion]","0"
"0","Event Validation","0","Generated catalog","1","0","test_negatives[empty_got_null-e3]","0"
"0","Event Validation","0","Data types","1","0","test_type_bad[e7]","0"
"0","Event Validation","0","Generated catalog","1","0","test_negatives[value_got_empty-e3]","0"
"0","Event Validation","0","Data types","1","0","test_type_ok[devicemanufacturer]","0"
"0","Event Validation","0","Data types","1","0","test_type_ok[enforce]","0"
"0","Event Validation","0","Data types","1","0","test_type_ok[reasondata]","0"
"0","Event Validation","0","Generated catalog","1","0","test_negatives[empty_got_null-e7]","0"
"0","Event Validation","0","Data types","1","0","test_type_ok[application]","0"
"0","Event Validation","0","Generated catalog","1","0","test_negatives[new_keys-e5]","0"
"0","Event Validation","0","Data types","1","0","test_type_ok[installationid]","0"
"0","Event Validation","0","Data types","1","0","test_type_ok[reasoncode]","0"
"0","Event Validation","0","Data types","1","0","test_type_bad[e10]","0"
"0","Event Validation","0","Data types","1","0","test_type_ok[dispatchappnotification]","0"
"0","Event Validation","0","Data types","1","0","test_type_bad[e9]","0"
"0","Event Validation","0","Data types","1","0","test_type_ok[appdome_fusion_server_name]","0"
"0","Event Validation","0","Data types","1","0","test_type_ok[uuid]","0"
"0","Event Validation","0","Generated catalog","1","0","test_negatives[missing_keys-e1]","0"
"0","Event Validation","0","Generated catalog","1","0","test_negatives[new_keys-e3]","0"
"0","Event Validation","0","Generated catalog","1","0","test_negatives[missing_keys-e8]","0"
"0","Event Validation","0","Generated catalog","1","0","test_negatives[empty_got_null-e9]","0"
"0","Event Validation","0","Data types","1","0","test_type_bad[e3]","0"
"0","Event Validation","0","Data types","1","0","test_type_ok[immutabledeviceid]","0"
"0","Event Validation","0","Data types","1","0","test_type_ok[kernelinfo]","0"
"0","Event Validation","0","Data types","1","0","test_type_ok[appdome_fusion_app_token]","0"
"0","Event Validation","0","Generated catalog","1","0","test_negatives[missing_keys-e5]","0"
"0","Event Validation","0","Generated catalog","1","0","test_positives","0"
"0","Event Validation","0","Generated catalog","1","0","test_negatives[empty_got_null-e5]","0"
"0","Event Validation","0","Generated catalog","1","0","test_negatives[missing_keys-e3]","0"
"0","Event Validation","0","Generated catalog","1","0","test_negatives[missing_keys-e4]","0"
